data_id,date,weather_condition,traffic_intensity,MinTemp,MaxTemp,Rainfall,Evaporation,Sunshine,WindGustDir,WindGustSpeed,WindDir9am,WindDir3pm,WindSpeed9am,WindSpeed3pm,Humidity9am,Humidity3pm,Pressure9am,Pressure3pm,Cloud9am,Cloud3pm,Temp9am,Temp3pm,RainToday,RISK_MM,RainTomorrow
1,1996-07-11,Rainy,High,8.0,24.3,0.0,3.4,6.3,NW,30.0,SW,NW,6.0,20,68,29,1019.7,1015.0,7,7,14.4,23.6,No,3.6,Yes
2,2007-04-07,Stormy,Low,14.0,26.9,3.6,4.4,9.7,ENE,39.0,E,W,4.0,17,80,36,1012.4,1008.4,5,3,17.5,25.7,Yes,3.6,Yes
3,2014-04-16,Foggy,Moderate,13.7,23.4,3.6,5.8,3.3,NW,85.0,N,NNE,6.0,6,82,69,1009.5,1007.2,8,7,15.4,20.2,Yes,39.8,Yes
4,2015-05-01,Rainy,Moderate,13.3,15.5,39.8,7.2,9.1,NW,54.0,WNW,W,30.0,24,62,56,1005.5,1007.0,2,7,13.5,14.1,Yes,2.8,Yes
5,2007-11-16,Cloudy,Low,7.6,16.1,2.8,5.6,10.6,SSE,50.0,SSE,ESE,20.0,28,68,49,1018.3,1018.5,7,7,11.1,15.4,Yes,0.0,No
6,2012-06-08,Foggy,High,6.2,16.9,0.0,5.8,8.2,SE,44.0,SE,E,20.0,24,70,57,1023.8,1021.7,7,5,10.9,14.8,No,0.2,No
7,2001-09-30,Foggy,Low,6.1,18.2,0.2,4.2,8.4,SE,43.0,SE,ESE,19.0,26,63,47,1024.6,1022.2,4,6,12.4,17.3,No,0.0,No
8,1995-05-12,Cloudy,High,8.3,17.0,0.0,5.6,4.6,E,41.0,SE,E,11.0,24,65,57,1026.2,1024.2,6,7,12.1,15.5,No,0.0,No
9,2010-01-10,Stormy,Moderate,8.8,19.5,0.0,4.0,4.1,S,48.0,E,ENE,19.0,17,70,48,1026.1,1022.7,7,7,14.1,18.9,No,16.2,Yes
10,2004-01-27,Sunny,Low,8.4,22.8,16.2,5.4,7.7,E,31.0,S,ESE,7.0,6,82,32,1024.1,1020.7,7,1,13.3,21.7,Yes,0.0,No
11,1998-07-21,Foggy,Low,9.1,25.2,0.0,4.2,11.9,N,30.0,SE,NW,6.0,9,74,34,1024.4,1021.1,1,2,14.6,24.0,No,0.2,No
12,2003-11-01,Foggy,Low,8.5,27.3,0.2,7.2,12.5,E,41.0,E,NW,2.0,15,54,35,1023.8,1019.9,0,3,16.8,26.0,No,0.0,No
13,2004-05-13,Rainy,Low,10.1,27.9,0.0,7.2,13.0,WNW,30.0,S,NW,6.0,7,62,29,1022.0,1017.1,0,1,17.0,27.1,No,0.0,No
14,2006-02-13,Cloudy,High,12.1,30.9,0.0,6.2,12.4,NW,44.0,WNW,W,7.0,20,67,20,1017.3,1013.1,1,4,19.7,30.7,No,0.0,No
15,2022-08-18,Rainy,Moderate,10.1,31.2,0.0,8.8,13.1,NW,41.0,S,W,6.0,20,45,16,1018.2,1013.7,0,1,18.7,30.4,No,0.0,No
16,2017-10-22,Sunny,High,12.4,32.1,0.0,8.4,11.1,E,46.0,SE,WSW,7.0,9,70,22,1017.9,1012.8,0,3,19.1,30.7,No,0.0,No
17,2012-11-21,Cloudy,High,13.8,31.2,0.0,7.2,8.4,ESE,44.0,WSW,W,6.0,19,72,23,1014.4,1009.8,7,6,20.2,29.8,No,1.2,Yes
18,2022-12-15,Rainy,Very High,11.7,30.0,1.2,7.2,10.1,S,52.0,SW,NE,6.0,11,59,26,1016.4,1013.0,1,5,20.1,28.6,Yes,0.6,No
19,2002-01-31,Foggy,Very High,12.4,32.3,0.6,7.4,13.0,E,39.0,NNE,W,4.0,17,60,25,1017.1,1013.3,1,3,20.2,31.2,No,0.0,No
20,2001-12-08,Stormy,High,15.6,33.4,0.0,8.0,10.4,NE,33.0,NNW,NNW,2.0,13,61,27,1018.5,1013.7,0,1,22.8,32.0,No,0.0,No
21,2021-06-20,Foggy,Very High,15.3,33.4,0.0,8.8,9.5,WNW,59.0,N,NW,2.0,31,60,26,1012.4,1006.5,1,5,22.2,32.8,No,0.4,No
22,1997-04-24,Cloudy,High,16.4,19.4,0.4,9.2,0.0,E,26.0,ENE,E,6.0,11,88,72,1010.7,1008.9,8,8,16.5,18.3,No,25.8,Yes
23,2005-04-06,Foggy,Moderate,12.8,18.5,25.8,2.8,0.6,ESE,28.0,S,SE,13.0,13,91,79,1014.0,1014.9,8,8,14.0,16.8,Yes,0.4,No
24,1995-11-12,Foggy,Low,12.0,24.3,0.4,1.2,7.5,NNE,26.0,WSW,NE,6.0,9,74,57,1020.7,1019.2,7,5,17.8,22.8,No,0.0,No
25,2006-06-25,Foggy,Very High,15.4,28.4,0.0,4.4,8.1,ENE,33.0,SSE,NE,9.0,15,85,31,1022.4,1018.6,8,2,16.8,27.3,No,0.0,No
26,2011-01-30,Cloudy,Moderate,15.6,26.9,0.0,6.8,8.9,E,41.0,E,E,6.0,22,65,48,1019.7,1016.5,2,4,19.8,25.1,No,0.2,No
27,2000-04-24,Stormy,High,13.3,22.2,0.2,6.6,2.3,ENE,39.0,E,E,20.0,17,70,55,1021.0,1018.6,7,7,16.5,21.2,No,0.0,No
28,2004-01-08,Cloudy,Low,12.9,28.0,0.0,4.4,10.7,S,52.0,S,NNE,6.0,11,61,31,1019.2,1014.8,5,7,18.8,26.7,No,0.0,No
29,2017-11-18,Rainy,Low,15.1,24.3,0.0,7.0,0.4,SE,39.0,SE,SE,7.0,17,69,80,1019.0,1017.1,7,7,18.9,19.7,No,0.4,No
30,1999-01-23,Rainy,Low,13.6,24.1,0.4,2.6,0.5,NNW,30.0,SSW,S,6.0,6,83,49,1017.2,1013.3,8,7,17.3,23.2,No,22.6,Yes
31,2011-10-27,Foggy,Moderate,15.1,20.4,22.6,2.4,0.2,SSE,41.0,E,S,6.0,20,82,90,1015.0,1014.1,8,8,17.0,16.3,Yes,4.2,Yes
32,2016-08-28,Stormy,Very High,11.6,26.3,4.2,1.6,12.0,NNE,41.0,E,SW,6.0,9,66,46,1013.9,1009.5,2,2,16.7,25.2,Yes,0.2,No
33,2006-02-21,Stormy,Moderate,16.6,24.2,0.2,6.6,4.7,NW,50.0,WNW,NW,13.0,35,72,60,1007.9,1004.6,7,7,20.5,19.9,No,6.6,Yes
34,1999-10-16,Stormy,Low,13.3,26.5,6.6,3.8,11.8,NW,50.0,NW,WNW,20.0,26,74,40,1007.3,1006.3,5,2,18.8,25.1,Yes,0.0,No
35,2016-02-03,Stormy,Low,14.5,21.8,0.0,8.4,9.8,ENE,43.0,ESE,E,11.0,30,69,63,1015.0,1015.3,7,1,18.6,20.5,No,0.0,No
36,2010-04-23,Stormy,Low,16.3,26.8,0.0,6.0,6.3,ENE,39.0,ESE,ESE,13.0,9,78,54,1018.8,1016.1,8,7,18.6,24.5,No,0.0,No
37,2021-07-14,Foggy,Low,17.2,25.8,0.0,4.2,8.8,SW,41.0,NW,N,6.0,6,70,74,1014.5,1011.5,6,7,21.5,22.6,No,4.0,Yes
38,2006-10-08,Stormy,Very High,16.5,28.2,4.0,4.2,8.8,NE,39.0,E,N,7.0,13,76,42,1014.8,1011.4,8,1,18.0,26.3,Yes,0.0,No
39,2017-03-28,Cloudy,High,15.0,29.4,0.0,6.6,11.1,NW,43.0,N,W,9.0,24,78,24,1010.8,1008.5,7,7,20.6,28.6,No,0.0,No
40,2009-12-11,Foggy,High,14.9,24.8,0.0,10.4,10.0,NNW,35.0,NNE,WNW,11.0,6,58,37,1011.7,1010.4,7,7,19.3,22.9,No,0.6,No
41,2004-10-27,Rainy,High,11.8,18.5,0.6,4.8,2.3,ENE,35.0,ESE,E,9.0,15,60,63,1018.0,1017.4,8,6,13.8,16.4,No,0.0,No
42,2021-12-27,Stormy,High,11.7,21.5,0.0,4.2,7.3,ENE,41.0,ESE,E,15.0,24,66,51,1021.1,1019.6,7,5,15.7,19.4,No,0.0,No
43,2002-09-13,Foggy,High,9.6,20.3,0.0,5.0,3.6,SE,39.0,ESE,E,22.0,20,70,49,1021.9,1019.3,7,7,15.8,19.2,No,0.0,No
44,2002-08-18,Stormy,Moderate,8.9,27.1,0.0,4.4,12.7,E,35.0,NNW,N,6.0,11,63,37,1018.1,1012.5,1,2,15.8,25.0,No,0.0,No
45,2009-10-31,Foggy,High,10.1,29.9,0.0,6.8,8.8,E,41.0,SE,WNW,2.0,13,63,36,1012.6,1010.2,1,8,17.4,29.1,No,5.4,Yes
46,2004-01-06,Rainy,Very High,15.5,21.1,5.4,6.4,0.9,S,31.0,SSE,NE,6.0,7,93,86,1010.1,1008.6,8,8,16.6,20.0,Yes,1.4,Yes
47,2004-12-07,Sunny,Moderate,10.8,21.7,1.4,2.8,10.6,ESE,48.0,SSE,ESE,13.0,20,59,40,1017.6,1016.8,1,4,15.3,20.8,Yes,0.0,No
48,2008-03-23,Rainy,Moderate,7.5,20.9,0.0,6.6,8.7,ENE,39.0,SE,E,13.0,20,61,43,1020.6,1018.3,6,7,15.3,19.8,No,0.0,No
49,1996-08-14,Foggy,Very High,12.8,21.0,0.0,6.4,0.8,NE,22.0,NE,ENE,7.0,6,72,54,1018.0,1015.6,8,8,16.1,20.0,No,3.4,Yes
50,2019-07-02,Stormy,Low,12.6,23.1,3.4,1.6,2.3,NNW,30.0,N,NW,4.0,13,97,74,1015.8,1014.1,8,7,15.3,20.4,Yes,6.4,Yes
51,2010-04-21,Rainy,Moderate,14.8,29.5,6.4,1.8,8.1,N,41.0,NW,NW,6.0,22,81,48,1012.9,1008.3,2,7,21.0,28.2,Yes,11.0,Yes
52,2008-06-21,Cloudy,Very High,19.9,22.0,11.0,4.4,5.9,NNW,76.0,N,WNW,41.0,30,92,62,996.5,996.8,8,3,20.6,19.6,Yes,17.4,Yes
53,2004-10-02,Rainy,Moderate,9.2,20.4,17.4,7.8,10.2,ENE,39.0,N,N,9.0,20,59,49,1009.5,1009.1,1,7,14.9,18.8,Yes,0.0,No
54,1995-01-17,Foggy,Moderate,12.4,24.4,0.0,6.2,12.1,NW,44.0,NNW,WNW,7.0,13,69,43,1012.8,1009.7,6,4,15.0,22.5,No,3.4,Yes
55,1998-10-01,Rainy,High,11.3,21.7,3.4,8.2,5.6,E,41.0,SE,NE,11.0,11,67,52,1020.4,1019.1,8,3,12.4,21.0,Yes,0.0,No
56,1996-10-21,Foggy,Very High,9.8,26.3,0.0,5.2,13.0,NNW,41.0,W,NNW,6.0,19,63,35,1023.2,1018.0,1,1,15.3,23.9,No,0.0,No
57,2023-07-11,Cloudy,High,14.3,26.7,0.0,7.2,7.1,NNW,65.0,N,NNW,7.0,48,68,64,1017.3,1014.3,7,7,19.8,19.0,No,14.4,Yes
58,2011-08-27,Foggy,Moderate,15.1,28.3,14.4,8.8,13.2,NNW,28.0,NNW,NW,6.0,13,73,44,1016.8,1013.4,1,5,18.3,27.4,Yes,0.0,No
59,2005-07-29,Cloudy,High,14.4,31.6,0.0,6.6,13.6,NNW,30.0,NW,N,6.0,7,65,30,1017.1,1014.2,0,2,21.5,30.3,No,0.0,No
60,2019-11-05,Foggy,Very High,15.4,35.0,0.0,9.6,13.0,E,39.0,SSW,ESE,6.0,22,55,18,1017.4,1015.0,1,1,23.4,34.3,No,0.0,No
61,2003-11-29,Foggy,Very High,13.8,33.5,0.0,11.4,13.6,NE,31.0,SSE,NE,7.0,9,44,20,1019.2,1015.6,0,1,21.9,32.2,No,0.0,No
62,2014-11-19,Stormy,Moderate,13.6,34.2,0.0,8.8,12.8,NNE,35.0,ESE,W,2.0,11,50,20,1015.8,1011.6,7,6,21.9,31.8,No,0.0,No
63,2024-03-27,Rainy,Moderate,14.3,35.0,0.0,7.6,10.5,ESE,41.0,ESE,WSW,2.0,9,43,14,1012.6,1008.7,0,1,23.0,33.6,No,0.0,No
64,2010-04-24,Rainy,High,15.9,23.4,0.0,12.6,2.2,ESE,50.0,ESE,ESE,20.0,24,69,55,1016.8,1016.3,8,7,19.2,22.3,No,0.0,No
65,2002-03-27,Sunny,High,16.7,25.3,0.0,6.2,12.5,ESE,46.0,ESE,ESE,24.0,26,56,45,1016.2,1013.0,6,7,20.3,23.9,No,0.0,No
66,1996-09-09,Rainy,High,12.1,27.5,0.0,7.4,11.7,NE,35.0,SSE,E,7.0,15,69,40,1011.8,1007.4,7,2,18.6,26.8,No,0.0,No
67,2003-03-20,Foggy,Very High,14.3,34.1,0.0,6.6,10.5,ENE,39.0,W,NNW,6.0,19,77,34,1006.6,1003.3,1,1,18.9,31.9,No,0.0,No
68,2012-08-08,Cloudy,Low,16.5,33.9,0.0,9.0,12.6,ENE,39.0,E,NW,11.0,11,60,36,1012.3,1009.5,1,1,20.8,31.3,No,0.0,No
69,2010-03-04,Sunny,High,16.5,30.3,0.0,10.0,8.1,E,46.0,E,N,7.0,9,77,44,1015.7,1013.4,7,1,18.1,28.0,No,0.0,No
70,2014-07-04,Cloudy,Moderate,17.5,29.9,0.0,6.6,8.8,E,43.0,E,ENE,13.0,11,74,45,1018.5,1015.9,8,1,19.3,27.9,No,0.0,No
71,2007-10-31,Stormy,High,14.7,34.2,0.0,6.6,12.8,NE,33.0,WNW,NW,6.0,11,64,25,1017.8,1013.3,1,1,21.3,32.2,No,0.0,No
72,2000-10-14,Foggy,Very High,17.5,35.8,0.0,9.4,13.3,SSE,57.0,NNW,NW,6.0,19,56,24,1011.8,1006.5,0,1,24.7,34.5,No,0.0,No
73,1996-10-17,Stormy,Very High,20.9,35.7,0.0,13.8,6.9,SW,50.0,E,WNW,4.0,17,61,28,1007.6,1003.0,7,2,23.6,34.0,No,2.0,Yes
74,1996-06-18,Rainy,Low,17.0,33.8,2.0,9.0,13.5,WNW,52.0,NNW,W,6.0,24,65,35,1004.0,1001.8,2,3,23.0,31.8,Yes,0.0,No
75,2009-11-22,Stormy,Moderate,16.0,22.8,0.0,12.4,6.0,E,50.0,E,ENE,13.0,19,70,57,1012.3,1012.3,8,6,17.0,21.6,No,0.0,No
76,1994-10-05,Cloudy,High,15.4,33.8,0.0,5.2,11.1,W,35.0,E,NW,7.0,15,70,26,1014.2,1009.0,7,1,18.0,31.7,No,0.0,No
77,2017-06-01,Stormy,Very High,17.9,33.2,0.0,10.4,8.4,N,59.0,N,NNE,15.0,20,58,62,1008.5,1006.1,6,7,24.5,23.5,No,4.8,Yes
78,1994-11-07,Cloudy,Low,15.2,25.1,4.8,6.4,11.6,E,46.0,ESE,ESE,20.0,28,62,42,1016.8,1015.0,1,1,17.1,23.9,Yes,0.0,No
79,2008-06-28,Rainy,Very High,15.1,20.4,0.0,9.6,0.1,ESE,39.0,ESE,ESE,17.0,19,63,55,1017.5,1015.8,8,8,17.8,19.4,No,18.8,Yes
80,2003-02-25,Sunny,Moderate,15.3,19.6,18.8,5.0,0.0,NE,33.0,SSE,NNE,9.0,13,92,88,1008.7,1006.0,8,8,18.0,18.6,Yes,12.2,Yes
81,2010-05-04,Rainy,Very High,17.2,24.7,12.2,1.4,8.1,NW,50.0,NW,WNW,19.0,28,80,71,1004.9,1004.0,7,8,19.4,21.9,Yes,0.8,No
82,2024-03-12,Sunny,Low,15.9,19.9,0.8,5.6,1.6,E,48.0,SSE,ESE,17.0,22,73,58,1011.4,1012.1,8,7,17.4,18.6,No,0.0,No
83,1998-12-17,Stormy,Moderate,10.0,22.5,0.0,4.4,11.6,E,33.0,SE,S,11.0,7,55,46,1018.7,1016.8,1,2,14.7,22.2,No,0.0,No
84,2016-12-24,Sunny,Moderate,9.9,24.4,0.0,5.8,10.8,NE,28.0,SE,E,7.0,7,60,38,1021.6,1019.2,1,4,16.2,22.7,No,0.0,No
85,2002-03-17,Stormy,Moderate,10.3,27.8,0.0,6.4,9.9,ENE,35.0,SE,NE,6.0,11,64,29,1021.3,1018.1,3,6,17.0,26.3,No,0.0,No
86,2015-03-30,Stormy,Moderate,15.4,25.7,0.0,6.8,8.2,E,41.0,E,NE,9.0,17,67,32,1020.1,1016.9,7,7,17.6,24.6,No,0.0,No
87,2010-03-02,Sunny,Low,12.7,28.8,0.0,7.4,9.0,NNE,28.0,NW,SSW,4.0,7,70,28,1016.5,1012.4,1,5,18.3,28.3,No,0.0,No
88,2015-12-22,Foggy,Moderate,13.2,31.3,0.0,6.6,11.6,WSW,46.0,N,WNW,4.0,26,71,28,1013.1,1009.5,1,4,19.7,30.7,No,0.0,No
89,2012-09-19,Sunny,Moderate,15.3,33.2,0.0,9.4,13.2,NNW,44.0,NNE,NW,4.0,24,60,18,1013.9,1012.0,0,1,22.4,32.1,No,0.0,No
90,1999-11-12,Cloudy,Very High,17.9,33.9,0.0,10.4,11.8,ENE,46.0,S,W,6.0,11,72,22,1017.4,1014.6,1,1,19.8,32.3,No,0.0,No
91,2007-11-24,Rainy,High,18.0,34.9,0.0,9.2,9.9,NW,69.0,N,W,6.0,13,68,29,1018.0,1013.7,1,6,22.2,33.1,No,5.2,Yes
92,2015-03-08,Sunny,Moderate,17.6,27.8,5.2,10.2,3.6,ESE,39.0,N,NNW,13.0,13,66,49,1014.6,1012.8,7,8,21.4,26.3,Yes,2.2,Yes
93,2012-03-29,Foggy,High,16.0,23.8,2.2,5.4,6.2,SSE,30.0,SE,ESE,11.0,11,73,49,1018.9,1017.1,8,7,16.5,22.9,Yes,0.0,No
94,2010-04-06,Cloudy,Moderate,14.9,28.8,0.0,5.8,8.1,NNE,30.0,SSE,NNE,7.0,11,71,44,1018.2,1014.5,7,2,19.1,27.0,No,0.0,No
95,2006-12-25,Rainy,Low,17.1,29.6,0.0,5.8,9.2,E,48.0,SE,ESE,9.0,17,67,38,1016.7,1012.8,6,7,21.7,29.1,No,1.8,Yes
96,1999-04-05,Sunny,Low,18.2,22.6,1.8,8.0,0.0,ENE,33.0,SSE,ENE,7.0,13,92,76,1014.4,1011.5,8,8,18.5,22.1,Yes,9.0,Yes
97,2019-10-16,Stormy,High,16.8,22.8,9.0,2.8,0.3,ESE,30.0,S,SSE,7.0,11,88,71,1010.0,1007.8,8,8,18.4,21.5,Yes,1.0,No
98,2014-01-25,Cloudy,Low,13.6,27.4,1.0,2.8,8.0,W,52.0,NW,WNW,6.0,24,77,41,1002.1,997.5,4,7,18.7,26.5,No,0.0,No
99,2015-09-28,Stormy,Low,14.5,24.2,0.0,6.8,5.9,SSW,61.0,N,NNW,11.0,20,76,76,999.4,998.9,7,7,17.9,20.3,No,16.2,Yes
100,2021-12-13,Rainy,Low,12.4,19.9,16.2,5.4,5.6,ENE,41.0,ESE,ESE,7.0,20,75,58,1007.6,1005.0,7,7,13.6,18.7,Yes,0.0,No
101,2016-01-20,Stormy,High,10.4,20.9,0.0,4.0,8.9,SSE,33.0,S,S,15.0,17,65,51,1007.7,1006.8,6,6,13.8,18.7,No,0.0,No
102,1994-08-20,Cloudy,Low,9.1,23.1,0.0,5.8,9.6,ENE,41.0,SSE,W,17.0,13,66,37,1013.6,1011.4,1,7,14.0,21.4,No,0.0,No
103,2007-09-27,Stormy,Moderate,8.9,26.0,0.0,5.0,10.7,NE,31.0,SE,NE,7.0,13,74,34,1016.1,1011.7,1,5,14.6,24.2,No,4.4,Yes
104,2018-10-17,Cloudy,Moderate,14.5,24.2,4.4,6.6,5.9,W,48.0,NNW,WNW,9.0,17,95,60,1010.8,1006.8,8,5,15.8,22.6,Yes,11.0,Yes
105,2021-01-11,Cloudy,Very High,12.6,18.2,11.0,3.2,0.4,ENE,30.0,SSE,SSE,13.0,15,81,73,1010.0,1011.0,7,8,16.3,16.8,Yes,0.2,No
106,2006-04-25,Cloudy,Very High,8.6,24.2,0.2,2.8,12.7,E,33.0,S,SE,11.0,9,63,37,1017.5,1015.1,1,1,13.7,22.0,No,0.0,No
107,2009-06-21,Sunny,Very High,10.8,25.2,0.0,5.6,12.6,ENE,35.0,SE,E,7.0,7,69,32,1020.2,1016.7,1,1,15.0,24.3,No,0.0,No
108,2024-01-17,Sunny,Moderate,11.2,26.1,0.0,7.2,12.6,ENE,39.0,SE,E,7.0,19,71,40,1022.9,1020.0,1,1,15.3,24.7,No,0.0,No
109,2012-11-19,Rainy,Moderate,12.1,24.1,0.0,7.4,10.2,ENE,46.0,ESE,NNE,9.0,13,64,46,1025.2,1021.4,7,1,15.4,22.5,No,0.0,No
110,2004-05-22,Foggy,Moderate,10.8,25.8,0.0,6.8,11.7,E,31.0,S,NNE,7.0,11,72,42,1021.3,1017.4,5,4,17.2,24.1,No,0.0,No
111,2011-04-20,Foggy,Very High,11.4,27.1,0.0,5.6,12.1,NE,33.0,ESE,SE,6.0,15,69,38,1017.6,1012.8,1,2,16.9,26.1,No,0.0,No
112,2015-06-20,Stormy,Moderate,12.0,28.9,0.0,7.2,8.2,ESE,39.0,SSE,WNW,2.0,9,78,31,1012.2,1009.1,2,7,17.4,28.6,No,1.8,Yes
113,2021-02-26,Cloudy,Low,16.3,24.8,1.8,7.8,3.8,S,50.0,NNW,N,4.0,7,88,56,1011.8,1008.4,7,7,17.5,24.0,Yes,6.6,Yes
114,1998-12-18,Rainy,Moderate,12.7,28.6,6.6,3.2,8.6,W,50.0,,W,,28,78,42,1008.3,1002.3,5,5,16.5,27.4,Yes,0.0,No
115,1999-02-01,Sunny,Moderate,12.7,25.1,0.0,7.8,12.4,NW,46.0,WNW,WNW,20.0,26,57,32,1007.4,1005.4,1,1,15.7,24.5,No,0.0,No
116,2021-03-13,Sunny,Very High,12.0,23.8,0.0,10.4,12.4,NW,44.0,NW,WNW,15.0,30,54,34,1007.9,1007.2,0,1,15.1,22.9,No,0.0,No
117,2002-11-06,Foggy,Very High,11.5,25.9,0.0,5.2,10.2,ENE,44.0,ENE,WSW,9.0,7,70,35,1016.4,1014.3,6,2,15.8,24.3,No,0.0,No
118,2021-04-25,Cloudy,Very High,13.0,28.2,0.0,5.0,11.6,NW,44.0,WSW,NW,4.0,17,74,27,1017.6,1014.4,3,6,17.4,27.0,No,0.0,No
119,1998-11-27,Stormy,Very High,11.7,27.6,0.0,7.8,8.1,W,48.0,,W,,30,74,25,1013.6,1009.1,2,6,17.6,26.8,No,0.0,No
120,2006-01-24,Foggy,Moderate,14.8,17.3,0.0,7.6,0.8,SSE,48.0,S,SE,13.0,13,74,78,1010.0,1009.9,7,7,15.7,15.3,No,10.4,Yes
121,2020-08-04,Sunny,Low,7.7,18.4,10.4,5.2,12.0,S,48.0,S,S,24.0,17,58,34,1015.5,1014.5,5,1,10.6,16.8,Yes,0.0,No
122,2021-10-01,Sunny,Very High,4.4,21.8,0.0,6.2,12.1,S,35.0,SSE,SSE,15.0,15,60,31,1020.8,1019.3,1,1,11.7,20.0,No,0.0,No
123,2005-04-16,Foggy,Very High,7.4,24.4,0.0,6.2,11.6,E,35.0,ESE,WNW,7.0,11,65,37,1026.3,1023.2,0,2,12.2,22.1,No,0.0,No
124,2014-02-22,Sunny,High,8.3,27.3,0.0,5.6,10.1,E,35.0,ESE,WNW,6.0,9,78,28,1025.4,1020.4,1,1,13.8,25.5,No,0.0,No
125,2007-09-22,Sunny,Very High,10.1,28.2,0.0,6.0,7.3,ESE,39.0,SSE,WNW,6.0,7,72,28,1021.1,1018.2,1,7,15.6,27.0,No,0.0,No
126,2015-11-06,Foggy,Moderate,12.0,27.6,0.0,6.0,11.0,E,46.0,SSE,WSW,7.0,6,69,35,1025.5,1022.2,1,1,15.7,26.2,No,0.0,No
127,1996-01-11,Stormy,Very High,12.9,31.8,0.0,6.0,11.3,WSW,41.0,NNW,NNE,6.0,9,76,24,1023.9,1019.3,2,3,17.4,30.0,No,0.0,No
128,2002-02-17,Cloudy,High,10.8,29.2,0.0,8.4,7.5,E,50.0,,ENE,,9,56,34,1021.6,1017.7,0,7,17.5,27.7,No,3.0,Yes
129,2004-04-28,Sunny,Low,9.5,27.4,3.0,4.8,11.5,NNW,24.0,SSE,NNW,6.0,9,79,39,1024.7,1020.7,1,7,14.0,24.9,Yes,0.0,No
130,1997-12-22,Rainy,High,12.1,27.8,0.0,5.0,11.5,E,41.0,SE,NNE,7.0,11,66,33,1024.8,1023.1,0,1,17.8,27.0,No,0.0,No
131,1996-10-20,Stormy,Very High,12.5,31.7,0.0,6.6,11.2,WNW,24.0,ENE,W,6.0,9,74,28,1024.9,1020.4,1,1,17.2,30.1,No,0.0,No
132,2023-05-12,Sunny,Low,13.9,34.7,0.0,6.4,8.5,SSW,46.0,SE,ENE,11.0,7,50,18,1022.8,1019.3,0,3,20.2,32.7,No,0.2,No
133,2010-04-29,Cloudy,Very High,13.3,31.7,0.2,7.8,11.0,WNW,44.0,ESE,WSW,6.0,28,80,23,1021.6,1017.6,2,5,17.5,30.7,No,0.0,No
134,2019-01-27,Cloudy,High,13.2,33.1,0.0,8.6,9.7,ENE,39.0,SE,NNW,7.0,7,91,18,1020.9,1017.7,7,1,16.1,31.7,No,0.0,No
135,2003-03-19,Sunny,High,12.3,33.8,0.0,7.2,11.3,W,22.0,SE,W,9.0,13,57,15,1022.6,1019.1,0,1,17.9,32.7,No,0.0,No
136,2024-02-07,Stormy,Very High,13.8,35.2,0.0,6.4,11.2,SE,48.0,SE,ESE,7.0,4,47,15,1022.5,1019.3,5,2,21.4,34.1,No,0.0,No
137,2013-05-28,Stormy,High,11.3,32.3,0.0,9.4,11.4,NE,28.0,ENE,WNW,4.0,6,44,17,1024.3,1020.7,5,2,18.2,30.5,No,0.0,No
138,2011-04-01,Cloudy,High,11.7,30.2,0.0,7.8,11.2,NE,33.0,ESE,NNW,9.0,13,73,22,1024.3,1020.6,1,0,17.7,28.8,No,0.0,No
139,2010-12-07,Cloudy,Low,12.5,29.9,0.0,5.8,10.7,NW,43.0,,WNW,0.0,19,76,30,1022.7,1018.8,0,1,16.8,29.2,No,0.0,No
140,2016-08-23,Rainy,High,15.1,26.2,0.0,9.0,9.8,NE,31.0,SE,NNE,4.0,15,59,48,1022.1,1018.7,1,4,19.7,24.5,No,0.0,No
141,2023-11-04,Rainy,Moderate,11.5,29.3,0.0,5.2,8.0,NW,46.0,,WSW,0.0,26,76,35,1013.8,1009.4,7,7,17.1,27.6,No,0.0,No
142,1997-01-25,Rainy,Moderate,13.0,14.8,0.0,8.2,0.0,SE,30.0,ESE,ESE,9.0,17,77,62,1017.4,1019.3,7,8,13.3,13.9,No,0.0,No
143,2013-02-27,Sunny,Moderate,11.6,19.6,0.0,2.8,1.6,E,33.0,SE,ESE,6.0,17,71,64,1023.6,1021.8,7,8,14.0,17.9,No,0.0,No
144,2016-08-21,Sunny,High,12.8,24.9,0.0,2.4,6.2,ENE,30.0,NNW,SW,6.0,7,76,44,1023.2,1019.3,7,6,15.5,24.2,No,0.6,No
145,2002-10-03,Stormy,Low,15.5,22.4,0.6,4.8,1.9,NW,28.0,SSE,WNW,6.0,19,89,68,1018.7,1015.4,8,7,17.1,21.1,No,6.4,Yes
146,2013-12-27,Foggy,Moderate,13.1,17.4,6.4,2.8,0.0,NNW,43.0,N,N,11.0,20,94,93,1010.2,1006.5,8,8,16.4,16.6,Yes,19.8,Yes
147,2021-04-13,Cloudy,Moderate,12.6,20.2,19.8,2.6,9.1,W,46.0,NNW,W,17.0,20,76,50,1007.9,1008.4,5,4,15.1,17.4,Yes,0.0,No
148,2002-02-17,Rainy,Very High,4.4,18.3,0.0,4.6,9.6,N,33.0,SE,N,7.0,17,80,36,1014.8,1012.6,1,2,8.4,17.4,No,0.0,No
149,2017-12-26,Sunny,Low,4.4,18.2,0.0,3.6,11.0,W,31.0,SE,WNW,7.0,19,78,35,1017.4,1015.0,1,3,9.2,17.2,No,0.0,No
150,2005-05-03,Rainy,Low,7.1,18.5,0.0,3.4,10.0,NW,57.0,N,NW,9.0,22,90,30,1015.1,1011.3,6,6,8.8,18.2,No,0.0,No
151,2011-12-22,Rainy,High,4.2,18.9,0.0,6.4,10.8,WNW,50.0,WSW,WNW,6.0,31,60,34,1011.2,1009.3,3,2,11.2,18.1,No,0.0,No
152,2005-08-06,Foggy,High,9.6,18.8,0.0,6.4,10.0,WNW,57.0,NW,W,19.0,26,54,42,1012.7,1013.0,2,5,13.1,16.5,No,0.0,No
153,2011-07-24,Cloudy,Low,3.5,21.8,0.0,6.0,10.3,NNW,22.0,ESE,WNW,7.0,11,72,34,1023.9,1021.2,0,1,8.7,21.2,No,0.0,No
154,2007-09-14,Cloudy,Low,5.3,23.3,0.0,3.6,5.6,NNW,83.0,SSW,NW,2.0,37,90,26,1018.0,1010.5,1,8,9.5,22.5,No,2.6,Yes
155,2015-10-04,Rainy,Very High,7.0,14.3,2.6,9.6,9.7,WNW,63.0,NW,W,26.0,33,68,40,1010.3,1012.7,1,3,9.1,13.7,Yes,0.0,No
156,2015-12-07,Cloudy,Low,0.4,18.9,0.0,4.8,9.6,N,22.0,NW,WSW,6.0,7,77,33,1021.2,1019.1,0,1,5.2,17.6,No,0.0,No
157,2005-04-06,Sunny,Low,3.2,21.4,0.0,3.2,10.6,E,26.0,SE,NNW,7.0,7,76,27,1025.2,1022.3,0,1,8.2,20.5,No,0.0,No
158,1999-09-22,Stormy,High,5.9,21.8,0.0,2.8,9.3,E,35.0,SSW,NNW,7.0,11,70,35,1028.0,1024.1,1,5,12.9,20.8,No,0.0,No
159,1999-04-14,Stormy,Low,8.1,20.5,0.0,3.8,7.8,ENE,31.0,ESE,ENE,11.0,11,66,48,1027.8,1024.0,1,5,14.9,19.5,No,0.0,No
160,2008-11-09,Sunny,High,6.9,18.9,0.0,4.2,4.1,ESE,39.0,SSE,SE,15.0,9,68,45,1028.2,1025.4,5,4,13.8,17.8,No,0.0,No
161,1997-11-17,Sunny,High,5.6,19.5,0.0,2.8,6.8,SW,17.0,S,WNW,9.0,6,69,49,1025.7,1021.8,6,4,14.3,18.6,No,0.0,No
162,2014-07-10,Foggy,Very High,7.2,22.9,0.0,2.2,9.5,E,26.0,NNW,N,4.0,6,82,28,1023.1,1019.2,1,1,14.0,22.2,No,0.0,No
163,2012-08-05,Sunny,Moderate,7.1,23.4,0.0,3.4,10.2,ESE,39.0,SE,WSW,2.0,7,72,29,1021.0,1016.9,0,1,12.7,22.4,No,0.0,No
164,2022-03-10,Cloudy,Moderate,6.1,24.1,0.0,4.6,6.1,WNW,35.0,SSW,WNW,6.0,11,75,32,1019.2,1015.8,7,3,11.5,23.7,No,2.0,Yes
165,2016-09-23,Sunny,Very High,7.1,19.8,2.0,3.2,7.7,W,39.0,SSE,NW,13.0,15,96,56,1018.4,1013.8,5,2,10.7,19.1,Yes,5.2,Yes
166,2000-07-02,Cloudy,Moderate,5.6,18.0,5.2,3.8,9.3,S,31.0,SSE,SSE,9.0,20,70,40,1020.8,1019.6,1,1,12.4,17.9,Yes,0.0,No
167,2021-04-23,Sunny,Low,5.4,20.7,0.0,3.2,10.8,SSE,28.0,SSE,S,7.0,9,66,36,1027.2,1023.9,1,2,12.3,20.4,No,0.0,No
168,2002-04-25,Stormy,High,6.3,19.3,0.0,3.4,10.6,S,31.0,S,SE,9.0,13,65,39,1027.9,1024.4,1,1,12.6,18.8,No,0.0,No
169,2001-05-09,Cloudy,High,5.3,21.0,0.0,4.6,6.3,WNW,26.0,SSW,NW,7.0,7,77,44,1027.2,1023.3,7,2,12.0,20.4,No,0.0,No
170,2022-12-20,Stormy,Very High,7.9,19.7,0.0,3.2,8.3,ESE,48.0,SSE,ENE,17.0,11,58,43,1027.3,1024.1,3,6,14.0,19.1,No,0.0,No
171,2002-12-28,Rainy,Moderate,8.4,16.1,0.0,3.0,4.9,SE,35.0,SE,ESE,13.0,22,69,51,1029.5,1027.4,6,7,13.6,15.2,No,0.0,No
172,2016-11-24,Foggy,Moderate,8.1,18.7,0.0,4.4,7.1,ESE,33.0,SSE,ESE,11.0,30,66,65,1028.2,1024.2,4,7,13.5,15.6,No,0.0,No
173,2001-02-19,Cloudy,High,2.4,20.6,0.0,2.8,10.1,E,30.0,SE,SSE,9.0,7,77,34,1024.8,1021.0,1,2,10.6,19.8,No,0.0,No
174,1995-04-06,Cloudy,Moderate,5.6,18.9,0.0,3.8,8.0,SE,33.0,SSE,E,13.0,22,79,49,1025.8,1023.5,7,6,12.5,17.7,No,0.0,No
175,1999-02-24,Cloudy,Very High,7.5,19.0,0.0,4.0,6.8,ENE,26.0,,ESE,0.0,7,74,43,1025.5,1022.2,6,5,12.6,18.1,No,0.0,No
176,2011-12-12,Sunny,Low,2.5,21.2,0.0,2.0,7.9,NE,28.0,ESE,NE,7.0,9,82,55,1023.7,1019.8,4,4,9.2,17.6,No,0.0,No
177,2005-01-10,Rainy,High,5.0,20.9,0.0,2.0,8.9,WNW,22.0,,NW,0.0,7,84,42,1019.9,1014.3,7,6,10.1,20.6,No,0.2,No
178,2011-09-17,Sunny,High,3.8,21.7,0.2,2.8,6.5,NW,44.0,ESE,WNW,2.0,20,99,34,1011.9,1006.7,7,7,7.9,20.2,No,0.0,No
179,2010-11-21,Stormy,High,7.9,18.7,0.0,5.8,5.8,NW,59.0,NNW,NW,26.0,31,68,51,1003.2,997.7,6,6,14.4,16.6,No,7.2,Yes
180,2002-02-09,Stormy,Low,4.3,11.3,7.2,4.4,5.6,W,57.0,WNW,WNW,26.0,22,75,60,1006.3,1008.1,3,6,7.1,8.8,Yes,0.2,No
181,1995-11-18,Foggy,High,-2.1,13.8,0.2,1.8,9.5,NNW,22.0,,NNW,0.0,9,69,40,1020.6,1019.6,0,1,6.3,13.2,No,0.0,No
182,2009-04-22,Sunny,Very High,-1.8,14.8,0.0,1.4,7.0,N,28.0,E,N,2.0,19,80,40,1024.2,1020.5,1,7,5.3,13.9,No,0.0,No
183,2003-03-08,Stormy,Low,3.8,13.8,0.0,2.8,0.8,WNW,31.0,W,NNW,6.0,26,67,54,1020.6,1018.5,7,7,10.5,12.4,No,0.0,No
184,2002-01-01,Sunny,Very High,2.1,17.3,0.0,1.6,9.2,W,43.0,SSW,WNW,6.0,28,81,38,1020.0,1017.3,1,2,8.7,15.9,No,0.0,No
185,1997-04-22,Rainy,Low,0.5,17.1,0.0,4.0,9.4,NW,31.0,ESE,W,6.0,13,74,42,1020.8,1017.4,1,1,7.4,16.2,No,0.0,No
186,2013-08-05,Sunny,High,-0.9,16.7,0.0,2.4,9.3,NNW,30.0,SW,NNW,2.0,15,76,42,1022.7,1018.5,5,2,6.2,15.4,No,0.0,No
187,2022-04-12,Rainy,Low,0.4,19.0,0.0,3.4,8.3,NW,39.0,NE,WNW,2.0,19,76,41,1019.8,1015.8,6,5,7.7,18.5,No,0.0,No
188,2008-09-11,Rainy,Moderate,7.5,16.8,0.0,2.8,3.0,NW,41.0,W,NW,7.0,26,70,53,1018.0,1013.8,7,7,12.5,15.4,No,0.0,No
189,2004-12-03,Stormy,Low,8.3,17.6,0.0,3.4,9.4,WNW,43.0,NW,WNW,17.0,30,73,43,1015.8,1013.5,1,1,12.4,16.5,No,0.0,No
190,2000-01-17,Cloudy,Very High,-0.2,18.1,0.0,4.4,9.4,NW,24.0,,NW,0.0,9,80,44,1021.4,1018.9,1,1,6.7,16.9,No,0.0,No
191,2017-03-05,Foggy,Moderate,0.1,21.0,0.0,2.2,9.2,NNW,17.0,WNW,N,2.0,9,78,36,1023.2,1020.3,0,1,7.6,20.7,No,0.0,No
192,2020-08-31,Foggy,Low,1.5,20.9,0.0,2.4,9.3,NW,20.0,NW,NNW,2.0,9,80,41,1023.2,1020.0,1,1,8.4,20.9,No,0.0,No
193,1997-09-13,Stormy,Moderate,8.3,17.4,0.0,2.0,1.6,E,20.0,WSW,NE,6.0,11,80,52,1024.4,1021.5,7,7,13.5,17.2,No,0.0,No
194,2017-11-12,Sunny,Moderate,9.4,19.2,0.0,2.2,7.7,,24.0,E,NNW,4.0,15,73,47,1024.2,1020.3,7,1,12.1,18.8,No,0.0,No
195,2000-03-20,Stormy,Low,1.3,19.0,0.0,2.2,9.4,NNW,30.0,SE,NW,7.0,15,87,34,1024.7,1021.4,1,2,7.9,18.6,No,0.0,No
196,1998-11-08,Cloudy,Very High,2.2,18.6,0.0,2.0,9.2,NNW,31.0,,NNW,,20,84,44,1024.4,1021.0,1,3,8.5,17.8,No,0.0,No
197,2014-10-10,Rainy,Low,-0.4,17.9,0.0,2.4,8.7,NW,33.0,NNE,NW,2.0,20,80,40,1023.5,1018.7,1,2,6.8,17.7,No,1.8,Yes
198,2015-02-12,Stormy,Very High,4.5,16.0,1.8,3.0,4.3,NW,35.0,W,NW,9.0,15,88,69,1017.7,1013.7,7,7,10.0,15.2,Yes,1.0,No
199,2005-10-29,Rainy,Very High,7.9,12.3,1.0,1.8,1.7,NW,52.0,NNW,NW,30.0,24,68,78,1006.3,1005.9,7,7,11.3,7.3,No,0.8,No
200,2006-03-24,Sunny,Very High,4.3,14.1,0.8,1.6,8.8,NW,41.0,NNW,WNW,13.0,26,71,53,1008.4,1008.3,6,6,7.9,13.3,No,0.0,No
201,2006-02-28,Sunny,High,-2.7,18.1,0.0,2.2,9.3,W,52.0,,WNW,0.0,24,85,36,1017.8,1014.3,1,1,3.5,16.7,No,0.0,No
202,2004-03-07,Rainy,High,0.3,17.0,0.0,2.2,5.6,WNW,31.0,S,WNW,6.0,24,99,52,1021.9,1018.6,8,1,3.8,16.2,No,0.0,No
203,2000-03-04,Cloudy,Very High,3.8,17.4,0.0,2.6,7.3,E,24.0,ESE,W,2.0,7,81,47,1024.5,1022.9,6,2,8.0,16.6,No,0.0,No
204,2004-07-27,Foggy,Low,2.4,14.7,0.0,2.6,9.2,ESE,20.0,SSE,E,7.0,6,74,43,1030.4,1026.0,1,1,5.9,13.8,No,0.0,No
205,1998-02-18,Cloudy,High,1.2,14.8,0.0,2.4,6.7,SE,17.0,SE,SSW,11.0,6,81,49,1028.5,1024.8,7,1,5.3,14.5,No,0.0,No
206,1997-11-07,Cloudy,Moderate,1.2,14.5,0.0,1.2,8.9,SE,17.0,SE,SSW,6.0,6,74,43,1026.7,1023.5,0,1,6.5,13.9,No,0.0,No
207,2011-02-26,Stormy,High,-0.3,17.5,0.0,1.6,8.4,W,39.0,SE,NNW,6.0,15,81,48,1025.5,1021.8,1,5,6.2,17.2,No,3.8,Yes
208,2005-09-21,Rainy,Low,4.7,18.5,3.8,2.0,5.1,ESE,22.0,NNW,W,6.0,6,99,50,1026.6,1023.1,7,4,7.0,17.9,Yes,5.2,Yes
209,2001-12-22,Stormy,Moderate,4.9,18.1,5.2,1.2,8.5,NNW,22.0,,NW,0.0,13,93,55,1025.7,1022.3,1,1,8.9,17.7,Yes,0.0,No
210,2001-07-17,Sunny,Very High,1.4,16.8,0.0,1.6,8.2,NW,20.0,,NW,0.0,6,91,50,1027.2,1024.7,1,4,6.2,16.3,No,0.2,No
211,2021-02-11,Sunny,Very High,2.2,17.5,0.2,1.2,8.5,NW,20.0,SSE,WNW,7.0,7,92,45,1032.1,1029.6,2,1,5.5,17.3,No,0.0,No
212,2000-03-19,Stormy,Low,-0.1,18.0,0.0,2.0,8.6,,,N,NNW,2.0,15,83,46,1033.2,1028.7,1,1,5.6,17.4,No,0.0,No
213,1998-10-14,Sunny,Moderate,-0.9,18.5,0.0,2.2,8.9,E,22.0,,N,0.0,7,84,38,1030.2,1027.4,2,3,4.7,18.2,No,0.0,No
214,1995-10-02,Cloudy,High,0.6,14.0,0.0,2.2,2.7,NE,17.0,,ENE,,7,99,67,1032.3,1028.9,7,7,4.6,13.9,No,0.0,No
215,2014-04-02,Rainy,Moderate,4.6,15.7,0.0,1.0,0.6,NNE,15.0,SSE,NNE,6.0,6,85,67,1030.3,1027.1,7,7,9.9,15.5,No,0.8,No
216,2007-10-20,Cloudy,High,9.8,14.4,0.8,0.6,0.0,ESE,20.0,S,ESE,9.0,11,99,86,1028.5,1027.2,8,8,12.1,13.6,No,3.8,Yes
217,2013-02-14,Foggy,Low,10.6,15.1,3.8,0.2,2.6,SSE,41.0,SE,SE,9.0,20,78,65,1028.2,1025.7,8,7,11.5,13.3,Yes,0.0,No
218,2006-06-10,Foggy,High,7.8,15.1,0.0,2.2,2.7,S,31.0,SSE,S,6.0,20,84,65,1025.9,1023.4,6,7,10.3,14.8,No,0.0,No
219,2002-12-10,Foggy,High,4.4,16.7,0.0,1.6,9.0,S,22.0,SE,NNE,11.0,4,74,42,1025.2,1022.1,1,1,9.6,16.2,No,0.0,No
220,2004-01-28,Stormy,High,-0.2,15.5,0.0,1.4,9.0,NE,28.0,N,ESE,4.0,11,86,42,1027.6,1027.0,1,1,4.9,14.5,No,0.0,No
221,2002-10-16,Stormy,High,4.3,14.5,0.0,2.0,3.0,E,30.0,SSE,ENE,6.0,13,76,70,1034.3,1031.7,7,7,7.9,13.0,No,0.0,No
222,2022-11-02,Sunny,Low,7.4,16.3,0.0,1.2,,NNE,30.0,SSE,NE,6.0,19,75,65,1031.4,1027.9,7,7,12.1,14.5,No,6.2,Yes
223,2014-08-08,Foggy,Moderate,8.6,13.7,6.2,2.2,0.0,NW,31.0,E,,2.0,0,97,94,1027.8,1024.3,8,8,10.3,11.6,Yes,4.8,Yes
224,2009-04-10,Rainy,Moderate,10.2,15.0,4.8,0.2,0.5,NW,46.0,NNW,NW,22.0,17,90,65,1022.9,1022.1,7,7,12.9,13.7,Yes,0.2,No
225,2020-06-11,Sunny,Low,7.3,16.4,0.2,1.2,8.5,NW,43.0,N,WNW,15.0,24,86,48,1023.7,1019.7,1,1,11.2,14.7,No,0.6,No
226,2019-05-04,Rainy,Moderate,8.7,13.0,0.6,3.2,7.1,WNW,54.0,W,WNW,19.0,28,82,58,1013.7,1014.1,4,2,8.8,11.1,No,0.0,No
227,2010-05-09,Stormy,Low,1.0,11.8,0.0,2.2,7.2,S,48.0,NW,S,7.0,24,73,49,1025.7,1025.6,4,1,6.5,11.0,No,0.0,No
228,2013-06-23,Stormy,Very High,2.1,14.7,0.0,2.6,8.2,S,43.0,S,SSW,24.0,26,72,57,1029.0,1026.3,1,2,9.0,13.8,No,0.0,No
229,2015-08-09,Foggy,High,6.4,16.9,0.0,2.6,5.9,SSW,26.0,SSW,ESE,17.0,9,78,51,1027.8,1024.8,7,2,9.5,16.0,No,0.0,No
230,2004-12-09,Foggy,Very High,5.4,15.5,0.0,1.6,5.8,NNE,20.0,SSW,NNE,7.0,7,80,58,1028.6,1025.5,7,1,9.4,14.9,No,0.0,No
231,2021-03-27,Cloudy,High,0.4,15.5,0.0,1.0,4.7,N,13.0,N,NNW,6.0,9,97,70,1026.7,1023.5,5,7,4.0,15.0,No,0.0,No
232,2007-08-22,Sunny,Moderate,4.0,15.9,0.0,0.6,2.0,NNW,17.0,SE,SSE,6.0,7,95,63,1022.5,1019.7,8,7,8.4,14.8,No,4.8,Yes
233,2024-04-10,Sunny,High,8.4,11.7,4.8,0.6,0.0,W,26.0,WNW,WNW,6.0,7,91,86,1021.2,1019.2,8,7,9.7,11.3,Yes,0.6,No
234,2003-02-18,Cloudy,High,0.4,13.9,0.6,0.8,7.7,WNW,41.0,E,WNW,6.0,19,99,59,1023.0,1021.0,3,6,4.2,12.1,No,0.0,No
235,2011-04-22,Foggy,High,4.2,14.0,0.0,1.4,7.6,NW,33.0,NNW,SE,9.0,9,74,44,1026.4,1025.7,5,4,8.8,12.5,No,0.0,No
236,2021-05-16,Sunny,Moderate,0.9,12.9,0.0,2.0,6.8,NW,24.0,W,N,7.0,15,92,53,1025.1,1022.1,7,7,5.5,12.3,No,0.0,No
237,2023-02-13,Rainy,Moderate,0.8,13.0,0.0,1.4,4.1,WNW,41.0,S,NW,2.0,28,95,69,1028.2,1024.2,8,6,4.3,11.7,No,0.0,No
238,2018-03-26,Cloudy,High,4.3,12.6,0.0,2.0,9.0,NW,46.0,,WNW,0.0,28,75,54,1026.3,1021.9,3,1,7.8,11.3,No,0.0,No
239,2016-10-11,Cloudy,Low,6.3,11.8,0.0,2.6,6.5,WNW,63.0,NNW,WNW,20.0,28,81,48,1018.7,1020.4,6,1,7.0,11.5,No,0.0,No
240,2013-10-01,Rainy,High,3.5,14.3,0.0,3.4,8.9,NNW,35.0,N,NNW,7.0,24,71,51,1027.8,1025.0,1,1,6.7,12.7,No,0.0,No
241,2006-02-08,Stormy,Low,-1.5,14.8,0.0,2.2,8.0,NW,15.0,N,NW,6.0,9,90,41,1029.1,1026.0,4,3,2.1,14.5,No,0.0,No
242,2003-03-29,Cloudy,High,1.2,16.0,0.0,1.4,6.1,NNW,31.0,S,N,6.0,22,84,38,1024.6,1020.9,7,6,6.5,14.6,No,0.0,No
243,2021-03-07,Rainy,Very High,0.5,15.4,0.0,2.4,6.4,W,70.0,NW,NNW,22.0,28,53,68,1017.2,1010.2,1,7,9.7,12.9,No,2.0,Yes
244,2011-09-05,Rainy,Moderate,5.3,11.7,2.0,3.6,5.6,NW,78.0,NW,W,33.0,33,73,56,1012.1,1012.3,3,1,6.9,11.1,Yes,0.2,No
245,2016-08-24,Sunny,Moderate,6.6,13.1,0.2,2.8,8.2,WNW,61.0,NNW,WNW,31.0,30,62,53,1013.5,1014.0,5,1,10.6,12.3,No,0.0,No
246,2021-03-29,Rainy,Moderate,-1.6,11.5,0.0,2.8,8.9,N,31.0,ESE,NNW,7.0,20,82,53,1024.3,1021.9,1,1,3.0,11.1,No,0.0,No
247,2010-09-02,Stormy,Very High,-3.1,12.0,0.0,1.8,3.9,ESE,35.0,SSW,NE,4.0,13,80,52,1030.5,1030.0,1,6,5.9,10.2,No,0.0,No
248,1999-08-01,Stormy,Very High,-0.1,14.2,0.0,1.4,7.0,W,13.0,,WNW,,2,81,55,1032.9,1028.9,1,2,4.7,12.6,No,0.0,No
249,2019-09-21,Sunny,Moderate,-0.6,14.0,0.0,1.2,7.1,NW,41.0,WNW,NNW,2.0,22,86,59,1030.0,1026.3,5,5,3.7,13.6,No,0.8,No
250,2006-09-23,Cloudy,Moderate,3.0,11.1,0.8,1.4,0.2,W,35.0,,N,0.0,13,99,96,1024.4,1021.1,7,8,6.3,8.6,No,16.8,Yes
251,2008-12-07,Stormy,Moderate,2.9,9.5,16.8,1.4,6.5,NW,35.0,,NW,0.0,15,93,72,1021.6,1019.6,6,6,5.5,7.4,Yes,0.0,No
252,2017-05-02,Rainy,Low,-1.3,8.8,0.0,0.8,2.8,WNW,39.0,NW,NW,9.0,15,95,68,1020.0,1016.8,7,6,1.8,8.0,No,0.0,No
253,2009-11-10,Foggy,Moderate,1.8,8.7,0.0,1.8,1.2,NW,65.0,NW,NW,31.0,35,83,85,1014.6,1010.5,7,7,6.0,6.9,No,1.6,Yes
254,2003-03-19,Foggy,High,2.9,8.4,1.6,1.4,7.7,NW,59.0,NW,WNW,20.0,31,76,66,1016.7,1018.2,7,3,5.5,7.1,Yes,0.2,No
255,1998-01-01,Stormy,Very High,-2.6,11.1,0.2,1.4,6.5,N,20.0,E,NNW,2.0,7,87,54,1027.1,1022.7,1,7,0.8,9.9,No,0.0,No
256,2004-07-27,Foggy,Very High,0.5,11.0,0.0,1.0,0.9,NNW,31.0,,NW,0.0,15,92,69,1024.4,1021.9,7,7,2.8,10.7,No,0.0,No
257,2011-10-31,Stormy,Moderate,2.7,16.5,0.0,0.6,8.9,NNW,41.0,SW,NNW,7.0,22,93,51,1021.8,1019.0,5,1,6.7,15.9,No,0.0,No
258,2008-11-16,Stormy,Very High,-1.7,13.6,0.0,1.8,5.2,NNW,28.0,,NNW,,17,83,46,1023.0,1020.1,1,7,3.9,13.3,No,0.2,No
259,2008-03-11,Stormy,High,-0.9,12.8,0.2,2.0,1.9,N,17.0,SE,NNW,6.0,9,99,62,1024.1,1020.8,7,7,2.7,12.1,No,0.0,No
260,2009-10-08,Stormy,Moderate,-1.8,11.5,0.0,0.6,4.7,NNW,41.0,,NNW,0.0,24,99,55,1019.7,1013.9,7,3,1.3,11.0,No,0.0,No
261,2009-11-05,Rainy,Very High,1.3,10.6,0.0,0.8,5.6,NW,46.0,NNW,WNW,24.0,33,75,73,1010.8,1009.4,3,5,7.7,8.2,No,1.2,Yes
262,2011-04-12,Rainy,Low,2.4,11.6,1.2,2.2,8.1,NW,35.0,NNW,NW,15.0,22,71,48,1016.7,1014.9,1,3,6.0,10.7,Yes,0.2,No
263,2004-03-19,Rainy,Moderate,-1.1,11.0,0.2,1.8,0.0,WNW,41.0,,NE,0.0,6,92,87,1014.4,1009.0,7,8,2.4,8.7,No,19.2,Yes
264,1994-09-12,Rainy,Low,2.3,11.6,19.2,1.8,7.5,WNW,54.0,WNW,WNW,26.0,31,78,56,1006.9,1010.3,7,3,7.6,11.2,Yes,0.0,No
265,1999-09-25,Sunny,Low,-2.2,11.6,0.0,1.4,9.2,S,39.0,E,SSW,2.0,28,68,33,1025.7,1025.8,1,1,3.4,11.0,No,0.0,No
266,2018-04-04,Rainy,Moderate,-3.5,11.2,0.0,1.6,7.7,ESE,26.0,N,ESE,6.0,11,76,48,1033.5,1031.1,1,5,3.6,10.1,No,0.0,No
267,2023-09-27,Stormy,Low,-1.0,12.2,0.0,1.6,8.4,ESE,30.0,SE,E,7.0,13,82,51,1032.2,1027.4,3,5,3.7,10.8,No,0.0,No
268,2013-07-24,Stormy,Moderate,-2.1,12.9,0.0,1.2,8.1,S,31.0,SE,SE,7.0,13,92,25,1025.7,1020.9,2,1,1.4,12.3,No,0.2,No
269,2007-10-04,Sunny,High,-2.0,11.3,0.2,2.2,5.9,WNW,33.0,SE,WNW,2.0,19,88,50,1020.0,1015.3,7,7,1.2,10.9,No,0.0,No
270,2000-09-09,Cloudy,High,-2.3,9.7,0.0,1.4,1.9,SSE,28.0,SSE,WSW,6.0,13,92,66,1013.8,1010.0,7,7,1.0,7.8,No,1.4,Yes
271,2011-08-25,Cloudy,Very High,-1.6,10.7,1.4,0.8,9.1,S,59.0,SSW,S,28.0,37,74,56,1014.1,1014.9,2,4,5.6,9.6,Yes,0.0,No
272,2004-05-28,Sunny,Very High,0.8,12.2,0.0,1.8,8.6,,,S,S,19.0,22,69,49,1020.9,1016.8,3,1,6.5,11.2,No,0.0,No
273,2018-03-23,Stormy,High,-2.8,12.2,0.0,2.6,8.7,NNW,31.0,,NNW,0.0,15,84,48,1018.3,1014.6,1,1,2.7,11.5,No,0.0,No
274,2007-11-17,Stormy,High,-2.8,14.1,0.0,2.2,6.8,WNW,48.0,,WNW,0.0,26,81,38,1017.3,1012.9,1,7,3.0,12.8,No,1.0,No
275,1999-03-11,Stormy,Low,3.0,9.7,1.0,2.6,0.7,W,65.0,NW,NW,19.0,28,64,82,1005.1,1001.3,8,7,9.6,8.6,No,6.6,Yes
276,2021-10-20,Stormy,Very High,4.4,11.5,6.6,2.2,9.3,WNW,57.0,NNW,WNW,28.0,31,67,56,1013.9,1014.9,1,1,6.9,10.5,Yes,0.0,No
277,2011-03-26,Foggy,Very High,2.3,12.8,0.0,2.2,9.6,WNW,35.0,ENE,WNW,4.0,24,70,48,1021.2,1018.1,1,1,7.8,11.6,No,0.0,No
278,1998-11-07,Cloudy,Moderate,-2.0,12.3,0.0,2.4,5.8,W,31.0,ESE,W,4.0,19,81,60,1020.9,1018.3,1,7,2.6,9.1,No,0.0,No
279,1997-02-18,Rainy,High,-1.9,10.9,0.0,1.8,4.2,S,50.0,,SSW,0.0,26,78,72,1020.8,1019.2,3,8,5.5,7.2,No,4.0,Yes
280,2012-04-26,Sunny,Very High,4.8,14.1,4.0,1.6,8.3,S,48.0,S,SSE,30.0,22,67,48,1018.2,1017.6,5,1,8.9,13.6,Yes,0.0,No
281,2006-04-07,Stormy,Very High,-0.6,11.1,0.0,3.0,5.0,NNW,41.0,SE,N,7.0,26,89,78,1018.4,1015.9,7,7,3.8,5.7,No,1.2,Yes
282,2018-07-31,Cloudy,Very High,3.1,12.5,1.2,1.4,7.2,N,43.0,WNW,N,6.0,30,69,62,1019.8,1019.1,6,2,7.6,11.3,Yes,0.0,No
283,2022-09-22,Sunny,Very High,-2.9,9.6,0.0,1.8,7.3,NW,43.0,N,NW,6.0,24,76,70,1022.4,1019.0,1,6,5.6,8.1,No,0.4,No
284,1998-09-18,Cloudy,High,-3.5,7.6,0.4,2.4,4.7,NW,50.0,NW,NW,30.0,24,92,68,1014.8,1012.6,8,6,3.3,5.1,No,0.4,No
285,2014-11-12,Foggy,Low,-0.3,9.3,0.4,1.4,9.9,N,39.0,NNW,N,9.0,30,72,60,1017.4,1016.6,1,1,4.7,8.3,No,0.0,No
286,2006-09-13,Foggy,Very High,0.1,10.4,0.0,1.8,7.9,WNW,59.0,NW,WNW,22.0,24,69,63,1021.3,1020.1,1,6,7.0,8.6,No,0.0,No
287,2009-01-25,Foggy,Moderate,2.3,12.2,0.0,2.8,9.8,WNW,44.0,WNW,NW,20.0,30,58,41,1024.2,1022.4,1,1,6.5,10.4,No,0.0,No
288,2005-10-18,Foggy,Moderate,2.1,10.7,0.0,3.4,9.4,NW,59.0,NNW,WNW,28.0,39,59,45,1022.2,1018.2,1,1,6.2,9.5,No,0.0,No
289,1998-07-07,Rainy,High,4.6,14.7,0.0,4.4,8.4,WNW,52.0,WNW,NW,28.0,33,54,51,1014.7,1012.4,1,3,9.2,12.0,No,0.0,No
290,2009-07-24,Rainy,Very High,3.7,14.2,0.0,3.0,10.0,NNW,46.0,WNW,WSW,24.0,28,52,27,1012.7,1011.8,1,1,8.7,13.5,No,0.0,No
291,2022-07-30,Stormy,Very High,-1.3,11.6,0.0,4.0,10.4,N,30.0,ESE,NNW,9.0,17,59,35,1023.3,1022.0,0,1,4.5,10.8,No,0.0,No
292,2004-11-18,Foggy,Low,-3.4,12.5,0.0,3.0,6.8,SSE,48.0,NNW,WNW,7.0,30,89,30,1025.2,1021.8,6,7,1.4,11.2,No,0.0,No
293,2001-01-05,Foggy,Low,-5.3,13.1,0.0,2.2,7.9,NW,33.0,N,NNW,4.0,20,94,47,1029.6,1025.6,6,6,0.1,12.2,No,0.0,No
294,2022-09-22,Cloudy,Low,0.0,14.0,0.0,2.4,4.7,WNW,39.0,NNW,WNW,13.0,24,60,36,1027.3,1024.4,7,7,7.9,12.4,No,0.0,No
295,2005-02-24,Sunny,Low,2.4,14.1,0.0,3.0,1.8,NW,46.0,NNW,NW,15.0,30,50,27,1021.4,1017.8,8,8,8.6,13.2,No,0.0,No
296,2001-05-02,Foggy,Low,-0.6,12.2,0.0,2.6,7.0,S,59.0,S,S,15.0,26,66,44,1018.5,1016.8,8,5,6.9,10.7,No,0.0,No
297,2006-01-01,Cloudy,High,2.3,11.6,0.0,5.4,9.5,S,54.0,SSW,ESE,30.0,17,49,38,1025.9,1025.5,1,1,6.7,11.1,No,0.0,No
298,2013-04-07,Foggy,Moderate,-3.7,14.4,0.0,2.6,10.4,NNW,22.0,N,NNW,2.0,11,64,28,1031.0,1028.0,0,0,5.2,14.0,No,0.0,No
299,2003-07-13,Stormy,Very High,-0.9,14.2,0.0,2.6,7.8,WNW,31.0,SSW,N,7.0,19,82,34,1030.2,1024.4,7,6,5.3,12.8,No,0.0,No
300,1997-11-04,Rainy,Low,-1.5,17.3,0.0,2.8,9.0,NW,48.0,,WNW,0.0,26,77,23,1023.9,1020.3,5,7,4.8,15.8,No,0.0,No
301,2017-11-21,Sunny,High,-3.3,15.1,0.0,3.0,,SSW,30.0,SSE,SE,9.0,13,57,23,1027.7,1025.5,1,1,7.9,14.4,No,0.0,No
302,2004-08-15,Foggy,Very High,-0.1,14.7,0.0,3.4,9.9,ENE,30.0,SE,NE,6.0,15,60,43,1029.9,1025.9,1,5,7.2,12.3,No,0.0,No
303,2005-02-02,Foggy,Very High,-0.2,16.2,0.0,3.4,5.9,E,28.0,,ENE,0.0,20,74,45,1027.6,1022.9,7,6,7.3,14.6,No,0.0,No
304,2023-02-27,Foggy,Low,0.5,16.3,0.0,1.8,4.1,NNW,39.0,SSW,WSW,4.0,6,81,45,1023.7,1017.5,7,8,6.2,15.4,No,4.0,Yes
305,2006-04-05,Foggy,Moderate,6.1,17.2,4.0,2.2,2.4,NW,59.0,NW,WNW,24.0,15,89,85,1011.2,1010.4,7,7,13.5,12.6,Yes,7.4,Yes
306,1994-06-14,Foggy,Low,4.1,14.8,7.4,2.6,10.8,NW,46.0,NW,W,20.0,28,60,34,1023.2,1021.7,1,1,8.8,14.3,Yes,0.0,No
307,2014-02-25,Foggy,Moderate,0.1,16.7,0.0,3.8,10.2,WNW,28.0,ESE,NNE,2.0,13,69,44,1027.0,1024.8,1,4,9.0,14.9,No,0.0,No
308,2000-09-13,Rainy,Moderate,3.2,12.1,0.0,2.8,3.9,ESE,41.0,SE,SE,17.0,20,69,51,1033.6,1033.2,7,5,9.3,11.1,No,0.2,No
309,2013-12-22,Foggy,High,5.4,11.3,0.2,2.2,0.6,ENE,35.0,SE,ESE,11.0,17,65,61,1035.7,1031.9,7,7,8.3,10.2,No,0.0,No
310,2009-01-16,Foggy,Low,5.8,12.4,0.0,1.6,0.0,SE,26.0,SSE,ESE,13.0,13,79,73,1027.3,1023.5,8,8,8.7,10.8,No,0.0,No
311,2002-10-18,Cloudy,Moderate,6.3,16.1,0.0,1.8,2.9,S,35.0,S,S,19.0,24,63,33,1019.7,1016.2,7,7,10.0,15.7,No,0.0,No
312,2002-11-25,Cloudy,Moderate,-0.9,16.7,0.0,2.8,8.6,NW,35.0,WNW,NW,7.0,22,84,33,1018.1,1013.9,7,7,6.4,15.5,No,1.0,No
313,2014-01-12,Foggy,Moderate,0.2,15.5,1.0,2.4,9.4,SE,31.0,,WNW,0.0,11,79,37,1020.6,1018.2,1,1,7.2,15.3,No,0.0,No
314,1999-08-19,Rainy,High,-3.7,14.7,0.0,3.4,10.9,SSE,43.0,SE,N,9.0,22,53,25,1025.8,1020.9,0,0,5.5,13.4,No,0.0,No
315,1999-11-12,Cloudy,Very High,-2.7,15.2,0.0,4.0,9.7,N,30.0,SW,WNW,6.0,20,62,35,1022.8,1017.9,1,2,6.3,14.9,No,0.0,No
316,2001-06-03,Sunny,Very High,-2.5,16.6,0.0,3.0,9.9,NW,31.0,NE,N,4.0,20,68,20,1018.8,1013.9,1,1,6.0,16.3,No,0.0,No
317,2004-12-26,Rainy,Very High,-0.5,21.6,0.0,5.0,9.9,NW,48.0,NNE,NW,9.0,26,44,27,1014.6,1010.9,7,5,11.9,21.5,No,0.0,No
318,2004-03-20,Sunny,Moderate,9.0,25.5,0.0,5.6,10.2,NW,50.0,N,NW,20.0,26,47,31,1015.3,1011.4,3,1,17.5,25.1,No,9.8,Yes
319,2007-04-30,Cloudy,Moderate,13.1,19.4,9.8,8.8,6.0,NNW,67.0,N,NW,39.0,30,71,43,1007.3,1006.0,7,1,16.7,18.2,Yes,1.6,Yes
320,2010-09-30,Foggy,High,8.7,19.7,1.6,5.2,8.0,NW,98.0,NW,NNW,31.0,52,63,33,1009.1,1001.5,3,6,15.6,18.5,Yes,3.4,Yes
321,1999-01-21,Stormy,Moderate,3.9,13.2,3.4,6.6,11.0,WNW,65.0,WNW,WNW,26.0,31,53,33,1017.0,1017.6,3,1,7.1,12.2,Yes,0.0,No
322,2001-07-06,Foggy,High,0.7,14.1,0.0,5.6,9.0,ENE,20.0,SSW,NNW,6.0,7,69,43,1026.7,1022.1,7,1,7.4,13.7,No,0.0,No
323,2013-01-21,Stormy,Low,1.1,18.0,0.0,1.6,8.6,NNW,39.0,NNW,NNW,2.0,28,82,36,1021.0,1015.6,4,1,7.0,17.8,No,0.0,No
324,2024-03-09,Stormy,High,5.1,23.3,0.0,3.6,10.3,NW,44.0,N,NW,9.0,28,54,30,1016.4,1011.7,1,1,16.4,22.4,No,0.0,No
325,2002-05-12,Sunny,Moderate,7.5,23.3,0.0,6.8,10.9,WNW,65.0,N,NW,15.0,41,46,15,1012.5,1010.9,1,0,18.3,21.3,No,0.0,No
326,2014-06-19,Cloudy,High,4.7,19.5,0.0,10.0,11.0,NNW,46.0,NNE,NNW,13.0,33,42,25,1018.7,1015.1,1,0,14.5,18.3,No,0.0,No
327,2002-05-06,Cloudy,Moderate,3.2,21.9,0.0,6.8,5.2,NW,80.0,SSE,NW,2.0,20,51,50,1012.1,1006.5,1,8,15.9,21.0,No,17.4,Yes
328,2015-01-09,Rainy,Moderate,7.8,16.2,17.4,6.4,7.9,NW,50.0,NW,N,15.0,22,73,44,1016.7,1017.8,7,1,8.0,14.3,Yes,0.0,No
329,2024-01-10,Sunny,High,2.4,17.3,0.0,2.2,11.3,E,31.0,SSE,SW,4.0,6,67,33,1030.5,1027.7,1,1,10.7,16.5,No,0.0,No
330,2021-10-27,Cloudy,Very High,3.2,18.7,0.0,2.6,11.1,N,31.0,E,NNW,4.0,13,70,32,1032.2,1026.9,1,1,11.0,18.1,No,0.0,No
331,2019-06-17,Sunny,High,2.5,20.9,0.0,3.6,10.6,NNW,44.0,NW,WNW,20.0,26,48,35,1025.4,1020.6,2,6,15.4,20.0,No,0.0,No
332,2016-02-23,Stormy,Very High,6.5,25.7,0.0,4.8,10.5,NNW,50.0,NNW,NW,2.0,24,62,25,1022.8,1016.4,5,1,15.9,24.7,No,0.0,No
333,2010-07-19,Sunny,Moderate,14.4,24.3,0.0,9.4,11.1,WNW,52.0,NW,NW,31.0,30,36,25,1010.5,1009.9,1,1,20.4,23.0,No,0.0,No
334,1999-05-12,Foggy,High,4.9,18.9,0.0,9.6,9.4,NW,44.0,S,NW,6.0,22,41,32,1015.2,1013.9,2,7,14.9,16.0,No,0.0,No
335,1997-01-21,Foggy,Moderate,2.3,16.8,0.0,4.8,11.4,N,41.0,NNW,NNW,6.0,28,52,34,1019.8,1017.0,2,1,9.8,16.3,No,0.0,No
336,2019-07-20,Rainy,Moderate,1.4,20.6,0.0,5.4,11.1,N,46.0,SW,N,6.0,30,56,16,1020.8,1015.4,5,1,11.3,19.5,No,0.0,No
337,2003-09-01,Cloudy,Very High,5.6,27.6,0.0,5.2,11.0,NW,46.0,NNW,NW,15.0,28,44,21,1017.7,1014.1,0,0,19.0,26.7,No,0.0,No
338,2020-07-06,Rainy,Very High,16.8,28.9,0.0,10.0,10.8,NNW,70.0,NW,NW,31.0,41,44,22,1016.3,1011.8,1,1,22.5,28.4,No,7.6,Yes
339,2014-03-20,Cloudy,Low,14.4,20.7,7.6,9.4,4.9,NNW,33.0,NNW,NNW,20.0,19,94,65,1015.5,1013.2,8,4,14.5,19.3,Yes,3.0,Yes
340,1997-06-17,Sunny,High,10.3,21.3,3.0,4.2,6.7,NNW,43.0,ENE,N,7.0,19,79,46,1018.1,1013.6,8,1,11.7,19.8,Yes,0.0,No
341,2009-09-23,Stormy,Low,11.2,18.0,0.0,4.8,8.4,W,65.0,N,W,24.0,33,65,40,1009.5,1005.3,5,4,12.8,16.2,No,8.2,Yes
342,2008-02-25,Foggy,Moderate,0.3,16.0,8.2,5.4,11.8,NW,57.0,NNW,N,11.0,28,68,45,1016.8,1013.3,1,1,6.9,14.6,Yes,0.0,No
343,2000-04-01,Sunny,Very High,0.5,17.9,0.0,5.8,11.5,N,44.0,NNE,NNW,2.0,26,72,33,1019.1,1017.5,0,1,7.2,16.6,No,0.0,No
344,2005-04-22,Rainy,Very High,0.5,20.0,0.0,6.2,11.5,NNW,31.0,S,N,2.0,9,69,22,1026.2,1024.2,0,1,8.1,18.8,No,0.0,No
345,2009-09-17,Rainy,Very High,4.6,22.0,0.0,4.4,11.0,N,41.0,NNW,N,6.0,19,82,25,1028.8,1024.9,1,2,10.0,21.4,No,0.0,No
346,2019-06-30,Sunny,Low,8.2,22.4,0.0,5.4,11.2,NW,31.0,SSW,NW,2.0,17,70,30,1027.8,1023.8,1,3,13.6,20.6,No,0.0,No
347,2022-06-04,Sunny,High,4.5,23.9,0.0,4.8,11.7,NW,30.0,ENE,NNW,4.0,11,67,27,1025.8,1021.5,0,4,12.6,22.3,No,0.0,No
348,2023-04-27,Cloudy,Low,6.7,26.1,0.0,6.2,7.5,SSW,70.0,NE,NNW,6.0,33,56,47,1020.9,1016.0,4,7,16.3,23.2,No,13.2,Yes
349,1998-01-08,Foggy,Very High,11.9,21.1,13.2,6.6,,NW,41.0,NNE,N,7.0,24,82,61,1019.2,1016.7,7,3,14.5,19.4,Yes,0.6,No
350,2013-09-17,Sunny,Moderate,9.2,19.6,0.6,3.4,10.4,ENE,31.0,SSE,NNW,4.0,7,71,42,1022.3,1019.7,7,4,11.6,18.4,No,0.0,No
351,2010-07-03,Sunny,Low,4.4,21.0,0.0,4.2,12.2,NW,28.0,SW,NW,2.0,9,73,30,1025.7,1022.3,1,1,9.6,19.2,No,0.0,No
352,2019-08-17,Stormy,Very High,5.0,24.1,0.0,6.2,12.0,NNW,52.0,,NNW,0.0,26,73,34,1024.5,1020.7,6,1,11.6,21.9,No,0.0,No
353,2007-11-11,Foggy,Very High,6.7,24.7,0.0,5.4,8.6,NW,43.0,N,NW,4.0,20,80,31,1025.7,1022.2,1,7,12.7,23.7,No,0.0,No
354,1999-01-30,Cloudy,Low,8.3,28.5,0.0,5.8,9.8,NW,46.0,W,NW,2.0,26,66,30,1024.1,1019.8,1,6,16.8,27.4,No,0.2,No
355,2014-06-15,Sunny,High,11.3,27.4,0.2,7.6,12.1,NW,52.0,SE,NW,6.0,31,60,20,1021.4,1017.5,1,1,16.4,26.3,No,0.0,No
356,2017-04-10,Rainy,Low,9.0,20.6,0.0,9.0,6.2,ENE,39.0,S,SW,11.0,11,54,28,1022.3,1018.6,7,5,11.4,18.5,No,0.8,No
357,2015-08-18,Stormy,Very High,3.4,15.0,0.8,4.8,11.7,S,70.0,S,S,35.0,37,43,24,1023.4,1023.1,1,5,8.3,14.3,No,0.0,No
358,2023-05-22,Cloudy,Very High,3.2,18.0,0.0,7.4,12.2,SSE,48.0,SSE,S,26.0,15,47,25,1026.6,1022.8,1,2,9.1,16.3,No,0.0,No
359,2013-05-04,Stormy,High,0.9,20.7,0.0,5.4,8.4,NNW,39.0,SSE,N,2.0,17,71,29,1023.2,1018.4,3,8,9.4,19.1,No,0.0,No
360,2005-09-26,Cloudy,Moderate,3.3,25.5,0.0,5.2,10.8,N,43.0,N,NNW,4.0,19,57,16,1018.8,1014.6,0,3,12.0,24.8,No,0.0,No
361,2002-12-20,Sunny,Moderate,7.9,26.1,0.0,6.8,3.5,NNW,43.0,,WNW,0.0,19,45,20,1017.6,1014.2,5,8,16.3,25.9,No,0.0,No
362,2018-10-09,Stormy,Moderate,9.0,30.7,0.0,7.6,12.1,NNW,76.0,SSE,NW,7.0,50,38,15,1016.1,1010.8,1,3,20.4,30.0,No,0.0,No
363,2002-10-10,Rainy,Very High,7.1,28.4,0.0,11.6,12.7,N,48.0,NNW,NNW,2.0,19,45,22,1020.0,1016.9,0,1,17.2,28.2,No,0.0,No
364,2022-05-06,Foggy,Very High,12.5,19.9,0.0,8.4,5.3,ESE,43.0,ENE,ENE,11.0,9,63,47,1024.0,1022.8,3,2,14.5,18.3,No,0.0,No
365,2000-01-31,Foggy,Moderate,12.5,26.9,0.0,5.0,7.1,NW,46.0,SSW,WNW,6.0,28,69,39,1021.0,1016.2,6,7,15.8,25.9,No,0.0,No
366,2010-11-28,Foggy,Very High,12.3,30.2,0.0,6.0,12.6,NW,78.0,NW,WNW,31.0,35,43,13,1009.6,1009.2,1,1,23.8,28.6,No,0.0,No
